email,heslo,telefon
edita.masar@hotmail.com,4116a3b512a58d05412d6aae54b437684e3b8cbb9d6293969a71d9577d144bc7,+421 195 839 859
augustin.timekova@aol.com,aa05bdf54c2e4c7ddccecbc6e9df0918e64780c8da6b7d23f0b922191c59afe4,+421 695 574 464
lubos.lojova@azet.sk,c9a2897cf424919e29ffc7a986e251f976913a04944332cb7be1ed6911502c43,+421 872 821 758
ilja.pajer@hotmail.com,c07d4559c1e4c3f53060cd1f6d4e11f5b1a59c950d0a4e9ea32b10b67f7a0c1e,+421 679 613 341
lukas.otcenasova@aol.com,f266fbdfd7a6aa483d7ec42dd015c74f5192af87813bd1d9d29a55383153c95f,+421 473 997 918
paulina.rusnak@gmail.com,b6ee57697a4cf5efb083b5d4ef7d7c290e0236ea856f0d63a62ad0a018e34918,+421 289 453 472
nadezda.marekova@azet.sk,5883195f7d54caa224fed504141e8ab964d531565bf8795882e1de5371002bcf,+421 228 523 562
ferdinand.hlinikova@hotmail.com,1651aee6de7725cdb36676888a6e38298a4f020b5c2cbdfd4046cd84d8cf3c7d,+421 960 703 169
benjamin.holubko@yahoo.com,650d7d4e8add9ebaae481645746954533c495d55399acba76045a23589fd8441,+421 178 929 399
pavol.kusa@yahoo.com,cb47d429552be6a443b5ddb96cc229a9fbf63456c0d474d10c86dcf55e005c04,+421 504 409 394
kamila.moravec@outlook.com,47752f77abc82dfd0876c05a34c38b890adc10b80e3ee83e09f2c6721c40eb2a,+421 957 159 657
jaromir.dvorska@gmail.com,00dcb21f7568da8dabbcf5c3b34c8a4fefc0331f76e82d50d2d83fe766188fad,+421 302 148 565
elvira.paulicek@azet.sk,110e2085bb0eb1d816e566d12aba915f0b1eeaec9f4b4ac008c73ec465a0775c,+421 254 730 711
ludomila.krajco@azet.sk,ba36a95709954e4467767ddb7409d23495d3d41a68f63a5b39bd83ad710a20df,+421 598 736 787
vanda.cekovsky@outlook.com,042893f428184f52d4d8ecc239210f383d4d681e075c1daf2a4d4477d16d15b8,+421 432 544 711
jaromir.krajcova@yahoo.com,d8bf2aabaae49c9627601c0ac609f16ab7d2b31de6b211a90f5e5bc4bc62f934,+421 464 869 296
katarina.pavuk@hotmail.com,5db35111a3dc7316c4a14559fb377d2502a8f9212c92805721455c97a4c10238,+421 460 686 920
milada.hostakova@aol.com,877fe869465fac2ce62461df57098ffe150ffc66b6dc09b6c89cb4ad7cc8f5cd,+421 106 290 168
ingrida.rohacikova@yahoo.com,9cdd541370fcabb08f96a6d4105bf0c703d4561eb0077f96fd51ae44790f46ae,+421 525 558 886
emilia.kubek@hotmail.com,b4a013d15182e1a8f30e59996e5461c10a5e2901506a554720e8cba1d38637be,+421 603 804 163
dominika.moravec@yahoo.com,88619b45a9a903d5b7a47a20a6f1f2f75aa2c2ea0b256f7e5776cd5e0d35ac8d,+421 947 614 440
demeter.peskova@azet.sk,827947f4f8dffc4510e83f3214f35606688a6369fe785c83d19d4b2b287cefd9,+421 294 454 949
bianka.macek@yahoo.com,1cdc98a58a6a09555c2547a5dbff6abcd8caa1f667185b389d8626a669a3ace5,+421 248 551 757
theodora.hustak@gmail.com,6590ee218ceb836f7ad350bba65a31b8ba9cfb4b2dc23954fd00cee69bb18782,+421 180 738 974
marcela.frankova@aol.com,672c559adb2d0a232a66d216563fc3e6b61566eb083a5b83b163c8f1f71b564c,+421 538 355 470
alfred.harvan@gmail.com,4cd0aa2f783ca5c2d72b859526613070d22d9ee610bca368582eec7415572bdb,+421 938 772 460
nadezda.soltys@aol.com,d2a4202c094361fa3e14150cf69ca4855399b8a13d696879e3c197e904b9a06c,+421 805 816 650
lesana.benus@yahoo.com,467bf9fad4505f4f4a6187254ab0c8f6017c260647825a8dd3bbb88f1642b331,+421 935 615 371
bernard.madar@aol.com,afc83ff35a7f3bddb893949756349b8fa1dfae3081a8fc8fe27789e730b1bb61,+421 581 916 917
alfred.toman@hotmail.com,fef0c736185f903cd3ad4c0d5ae341e7b772ca31604807dd87db1bff1f5f05b1,+421 923 749 208
blazej.repisky@outlook.com,e3ff96e6fe02ad622c2a80ec1fdf4c16a378f0ccae72bd639c026b2e89faae45,+421 377 834 786
natalia.zubrik@azet.sk,6683c9e5bcb00140a8e667bc961cf4569c8b50b42061994901d9f894425b7abd,+421 156 635 588
alex.pavlicek@yahoo.com,3ef5a330c46b8a0150bd897bbd7a8c4720acc9772791bd4b677a8e493d7bf932,+421 388 635 172
pavol.zubko@azet.sk,0c3b0b73b53aad7925bacfa76d5c0aa94e8b7bbfc0286821cf6e127b61c3cde6,+421 804 607 456
petrana.dullova@outlook.com,942bbdbbe19dd9c62c9fd9bb6f7441ab7688a568671eec480d9abc9553044ad9,+421 142 108 431
zlatica.marosova@gmail.com,288b3905e6ae1b92dfc0fd464c0d671dc2978eca6a26cf02ccd7ed62412b3914,+421 244 471 411
hugo.sarkan@azet.sk,bce30a8a888c2297a8f1f5297946ded3162a92fcdc9648e7fe69844fddb90113,+421 933 673 213
albert.matiaskova@hotmail.com,c96800b7363aa81aaac26d568e58c71f811428686ba22285c84deeaa31e44fce,+421 897 261 267
lydia.kubicek@hotmail.com,ceb073bd1aaf1ab0fda39c6d16e288bee36745ec1df756ad103312bc15457050,+421 681 282 323
ivana.polakova@outlook.com,cde124831076da0bfef180c4b46a5a5691c0dda7f555d476ae9d53c7e6db2da1,+421 389 594 761
dalibor.valentin@outlook.com,5eb0e3d726290d6785d66a3029ad85d94e000042b5d1cd7c07c0afdd4a6bcac3,+421 833 615 318
sidonia.kubec@outlook.com,77e2f0ba5fb90a0d2d41e460cce314c41ba72a718c7001ff8d96643753cac493,+421 386 504 567
tamara.mamojkova@outlook.com,0ef689f103101513c4da6829aadad8094c71635fcd43362568bab496dc9e14af,+421 968 943 173
lujza.michalech@outlook.com,206ea431189c0d2fac17b81b3fe3beff19dd9d9013f4c98735e646199a1d500e,+421 324 725 410
lujza.sklenkova@azet.sk,41484179846d9bd214440518ad9aaf583ce8aedc20e089d45f8d7b04ea4446dc,+421 601 867 336
anton.luptakova@hotmail.com,3f42f11a4974292adda32d32b88982fc2600a6d25cb55df75f9ecb6508c1b22e,+421 697 187 878
drahoslava.riskova@hotmail.com,a87e7f4fcd0041202140284b8a0bf0cef67f80c083620e7cbee7e78e5ae78441,+421 516 284 854
viera.jancekova@hotmail.com,a3f8701f4adb52349e4f18ba2339e84b930428f347cd81e53bfc3464d66197db,+421 980 533 288
milena.kovacik@azet.sk,7b98b608b4f7860596525a1a729a05edbe984832f608b606a800073976408808,+421 298 813 928
miriama.kozacikova@gmail.com,5124c3a9a048400e5820f3cab5c8bcdbfb14e9697115b3014ced8eea37e00b08,+421 342 795 955
livia.kockova@aol.com,a101c0e87bcbd817bbd8f5242c683b37cf099ab206d7dd9a5982c138cd48e3c1,+421 584 930 532
fedor.rusnakova@outlook.com,256c686a703e9223e9f9ba0d47d63aa86f048ea170dff3ca6d0a5d419cb45958,+421 780 686 613
monika.hanusek@yahoo.com,61b6b8ae7b88d3046cc860e282ef25e070f67ea807dd7e964842ac748fb27cb4,+421 849 307 581
henrieta.jurasova@gmail.com,6fd9e00d9ecb91eba2c424839f625d1a5e4d3f983d981024ac1bfc647ce83dda,+421 812 563 556
vasil.vasekova@yahoo.com,cfce5157186146e1a655f43fe6efdfc37e3e560c9da3801ddef6a29cca01c063,+421 131 957 336
iris.barokova@hotmail.com,7c3f092717f9b29490dc834ab4dc1afedb8d4fc72dcf9b800e474f6bc9ecb9eb,+421 723 360 633
bohus.klimkova@gmail.com,f889e4911a234a5a731e2a2678f27c0bc8b3b3a623ab5d378624dbbdd7d35cf0,+421 555 428 712
radovan.hrobon@hotmail.com,466d29ef6b10fe03d78536a8f32244b6f35d040c20f7fa9b18223f00096cfda8,+421 143 114 321
lea.ruzicka@azet.sk,aec851b9deccee47cdd435a30b2ec22313bceca41f131b1efcb792d5b2b2c012,+421 828 412 861
bibiana.kazikova@hotmail.com,0d8f33c422050a9cd9f62077668384411d400c44484fac872d5bcc45598cb560,+421 937 719 975
dominika.kazikova@gmail.com,8ec502eab9c53e0096d85fce1ce583d976d627ba727d9e19788c195050402ad0,+421 799 228 806
michal.palka@gmail.com,30a1b2914a162ba3df87a6a6475ba22873128f153dd238c191806154f3e7beae,+421 826 111 216
pankrac.vaskova@gmail.com,51cc6b4824415d8c9c3d974237135c6b4b1c15932c80e5ad97e51bd4fb99b768,+421 345 360 867
blahoslav.stodola@gmail.com,2f36abb3e46ff467d3db4e25c04c8b297eaadbce1a17a00831bc87442ba73b67,+421 699 456 346
nathan.loj@outlook.com,1375bba569a81743ab99266d90ecad6f6185437b14e445937823a0b58238fb8f,+421 800 594 335
valentin.danekova@yahoo.com,698d7cb1046059249298f19da8b592b64d0203517b1c65d7bbe0247ac22d329f,+421 766 671 276
izidor.dorko@hotmail.com,52fd5ae2b4d2ab5307a877101b52fe91085c0793284556114cf25021243fce17,+421 804 798 925
natasa.marcinko@azet.sk,0e9f19173f906d5e77a945c0b25b1e9c71c3ae5cebab233aff1fe67759065ca3,+421 397 153 649
benedikt.mrazkova@yahoo.com,241b1827b15d5b28f2322d5f329851cfb0f9d67c8189ea326a14a2309e324975,+421 972 283 409
mikulas.hascak@azet.sk,20a89e80929fbac6742d13bda12fb98ebe36adbef60501e6cb096afb290fcc48,+421 116 458 558
rastislav.svrbikova@hotmail.com,6f1baecc4d076bfbf7ad8f15e1507c569bf0dbd94960fa5c85f4af77b9b963ff,+421 566 827 760
alojzia.kiselova@yahoo.com,5fd94e66a9a2133193969503676e78096b6c49d3f6727f51340dcc411cf9747d,+421 568 528 229
izabela.masarykova@gmail.com,2a0a6271a9aa07ebdd4b0207e5eed0a13d09c9466360f0c2e743a0a4c5be7370,+421 841 229 527
natasa.gregusova@gmail.com,e7acb02f2e488a6fd019cd204621e82ee320d98d202d77bbe406675916ebd114,+421 170 620 799
lubos.duro@aol.com,7fcecc5e31dbec320d75de9658633de9fde85fc971abbdcecbf4b6ff14d94ef0,+421 167 751 779
urban.kaniak@gmail.com,9a452e049a0e93124a4393e0ec1d6d7391e2dca65022e4670bc92b3fe7b216a8,+421 788 628 771
dagmara.achbergerova@gmail.com,9d1970d366574791da2bea53cb93f69e5230f03d4524980200e033289b3b51a3,+421 931 369 137
vasil.borisova@azet.sk,df90cbf2ab04bd064edffb4c936c663370e09f20313dc57f676e45e86822ec2d,+421 324 943 201
ladislav.mackovic@outlook.com,f29dcd2342c74e8ef13fbabea1793dc59248a16c120f77edeb3350778ecff152,+421 779 292 241
kamil.cibulova@gmail.com,deb4031c87b9d636708c91d4513cf92a7a5686be772a773bcf1ecf14acd6d5e9,+421 341 300 998
hubert.plchova@yahoo.com,94af27392a93995884358a6c41e92111f361e0988370238e90463f68ce4c0801,+421 191 779 148
gejza.solejova@outlook.com,1a2832d89d218dcbfce265bec3e95c9af1d6ee17ff635186b1a8b6562ee7aabc,+421 249 569 657
bonifac.havranko@azet.sk,b056038a5eecbf259a4b7048d1e169aef7b3164b9ded45f1ff55105c30cc1274,+421 168 240 966
mojmir.nalepkova@aol.com,eb97e063e75c6a002bc40e981ebdde5ed2349b8dd7fca52b61d1d8f330d81780,+421 741 454 779
jolana.kisel@outlook.com,41eb7ef7f4015b126b4fd67a20e1ffa40916380e4838d7959b7cbd1d84c0a5ca,+421 504 227 201
jozef.achbergerova@outlook.com,2abb4ed13e8a52fb3966293acd151f7bd2c299959328b060abbfb601923cbe7a,+421 937 879 779
dana.melichar@hotmail.com,dd0bb1b73094687297246f9210ec9ab7c58c5b288d23d692621ef01b84fd1f7c,+421 270 463 524
radovan.kubicek@hotmail.com,3775b34b2fd49be5bae73cc53c9162736b89aaed5a5acf16cc3ad0e5234bab06,+421 856 717 561
bronislava.simon@outlook.com,6b3112eeaf26669064ebd8bf08ad87c2f7fa30a74dbb6be3c4ce0b9ea3ce49a7,+421 617 498 940
dalibor.kucera@aol.com,168ff48510e60d5ae79ea877f4cfa783d9b0ee225d1f8e404c83d8921a85a101,+421 513 216 104
ariel.capka@outlook.com,c0e4ed1d9040cba2beba591f1c9c20ffc98cbeb78ffbcec6af0336a8dcc1cb4d,+421 603 531 261
vaclav.gregusova@gmail.com,26c2bb3ddcf616118ddd1e6ff3b1c205dc8af8551760b1c71618f33a7fc9ded0,+421 269 927 507
dezider.heretikova@yahoo.com,584eee00b0e299108fd6883f4260733dbaab9e3a932d97cf93d28a6eb75af9c8,+421 830 641 575
marian.dolezalova@hotmail.com,53435a972b9535909d7b3f9ecd88334bdae50749c4f1c5ab08666e859f5e02a5,+421 257 838 364
milan.novotny@aol.com,32e12e1183621aac879c2d8f8b572335f156a326d97d35374e538e2753dafb12,+421 452 373 941
albin.bartosova@aol.com,794fc873d88fbed5af1614cb1ff0f3e8e7f1894d56694db2876848d8b1a553cb,+421 440 271 247
bozena.hustakova@hotmail.com,a76463efbacdea2c32d6d536a228fc7285024d24f31f903a6294ae77a2c94c83,+421 341 304 495
oxana.meciar@azet.sk,386d3d61352ff7a405220b62d43c738f91c8d929ea196df1bf250b6034f6da84,+421 518 937 831
nora.melicharekova@hotmail.com,cb052da56c0509a53ea598c58b8485eea4dfec40b1f6882dcfc22bd1cc042aaf,+421 972 123 827
alzbeta.vajdova@aol.com,d5a58d5dad65a622754e0757e86155804335c9a7d311d4cf3a8419bb2cf10968,+421 624 985 971
