id,email,heslo,telefon
1,ludomil.palla@outlook.com,ea9159cd47dc547e9142b90ad787e5dfff984aaf87386f7694a0cb99697790a6,+421 245 123 256
2,bohumila.klimko@yahoo.com,830a8ac91e01f41b5b80634c8cd2801968b199c635d2886b007baebf45188bc4,+421 597 340 665
3,stefan.boris@azet.sk,fa9d8e227c51054459372ef117a0ac20428caf5f0cce15e1d00e9e60728b13bb,+421 418 262 737
4,agata.hanuska@outlook.com,1c2314ecf7cb39fdb1fc57a07d2be89aae572d763c958ffdab0151d9e48ff675,+421 346 544 210
5,norbert.zigo@hotmail.com,eb738234ce22f46254994be39cdba3bc4536ed9dfbae6a96bc23cb66be46f04c,+421 919 833 324
6,emilia.topolska@aol.com,ca5df0527ed70439da03fe5b4dfec472df3a50bb2c723944c9b87333a978cf99,+421 994 473 481
7,bohus.krajcovic@outlook.com,063c8a26e59ee4424e56a0600d86f7086c9f62643f5b60ab56ae42d11e39713d,+421 278 821 999
8,bronislava.dudka@azet.sk,845645ea568455f13ca9e77e777688d91a82625c68c82878c61aabbf587d096d,+421 528 295 527
9,rozalia.petruskova@gmail.com,a0449c5ba413ac106a52c33d8a41a7f45aa3e3760dcf869280a7373929c0d528,+421 731 835 957
10,radovana.dutka@yahoo.com,deb8da9c82c986a7694b49ba5d91986cb6e989a84fc787086c0834afc9459ee0,+421 164 913 676
11,leopolda.basko@gmail.com,b005117d3cc4ecadaca4cd135f702edd8c8f827f381da8586404ef63f13fc645,+421 369 415 740
12,kvetoslav.ciganik@gmail.com,f71751c8cdabd10aa3fbf51b2014eac751a437a1dd7cb3525ab842492cf42e9a,+421 520 467 157
13,frantiska.bilekova@aol.com,d991786b8cf23be189f66a13692d81c40067540d08bfa548e5af204c027f6498,+421 467 552 577
14,eleonora.ondrus@yahoo.com,0fe8868039841e9993b62abe000a0c77b5a11d67241b1f442c431ec205fa299e,+421 408 917 989
15,svatopluk.simik@aol.com,4f699bf3d73020e4dfeb431a7a7b19582738404a532aa2572ea66df1a65e07bf,+421 896 363 710
16,slavomir.rojek@yahoo.com,df1069ea204876d3b5b54e3408e97e242235398de0880b7c6856f1e04e0ace8f,+421 267 979 451
17,veronika.kralova@aol.com,89e64e7993091542d4968d1e78da823f4ed3f20ecb199c0844851a0c17f0790d,+421 433 297 499
18,sergej.galik@aol.com,3274cce3822eae599e771f21b397bb27d2f5fddf352122caa3e59329a3b7e798,+421 699 188 811
19,alojz.barta@hotmail.com,f4fa279ad2941d916506a9e14bcbb7668cecce84c7b333e61176ed1244ad6a58,+421 138 595 747
20,julius.huska@gmail.com,4af8f829d6c778b84f3f61abab61641d87a02ba3e1e48ec3073b125b0d16f162,+421 399 370 171
21,frantisek.dusko@gmail.com,b828049e8bb704e2c383e661da30dd4dd524987101e1765f02934a3d224908d2,+421 861 322 868
22,levoslav.pasko@yahoo.com,14020b8a8c4c674ca60478f936593f472c5f8b025b090e74049a7a6f1237d966,+421 660 866 180
23,jozefina.ciernikova@yahoo.com,2d32e7cf6a8a6b49fc59f59f30417256afcb33bc5dbac2b32c64d51c8ac5da0c,+421 378 739 890
24,drahoslava.pajer@aol.com,9b11ad0a7bf238903a20ec07e2ee60961ced84fe9321f9d6f6dae81e8f0439db,+421 450 409 477
25,bernard.janoskova@yahoo.com,7540823d1adca5f8304ffb88d3db28c1a374af02437e2b6e34b2621cfe83b1f2,+421 821 553 604
26,severin.machnac@aol.com,288e06c97008ec0f726ae4a51e895c9493c36ce48bfd6d29377f4d953d09303f,+421 275 792 640
27,sofia.tatarova@aol.com,cbd22e762bd844138b4dd6d96188bf3a07c5eca785699b217d6dbdd1f654b3c9,+421 881 623 929
28,stefania.hablak@outlook.com,ced1e3249d2ae7f9a566f2825e7655e7aa620f1b4b336635f94a60ccf8fa4d04,+421 672 509 616
29,bohus.paulik@hotmail.com,cae45e7b988746d1c6b1dbd10a33627936ab33470fb2180e42f235cb27bef389,+421 658 447 964
30,zdenka.hanusova@gmail.com,ab98d3ae8e51b7f5168fbcd05e9231eb750e1308b7951bb2e3b58158bde3faa7,+421 849 142 150
31,alica.simekova@hotmail.com,30cffca71a15a15b2fa295a0dd44dbde4414fc76442ed188a0b0e08410029f32,+421 497 794 111
32,margareta.timkova@outlook.com,b3021f613a48ac0b053ed62f9f85dd04578c696bfaf8e1d9c5b80adc58997a95,+421 554 994 500
33,jana.melichercik@outlook.com,9fecd154154595ff2047b03db0bc8015b5920f7f0b1e865df4f42b42ddcc1e3b,+421 872 934 287
34,dezider.kubek@aol.com,161a50b91bb98dca24ca516cbb9dbfb4721101ad768099c73a0be3bf738f1f2e,+421 550 235 259
35,tobias.michalicova@aol.com,6558e1dbade3d313eeb71ed4479a5e6a6d42a60d275e7cb87c9c8b2ecf4404ae,+421 380 792 750
36,oxana.stefunkova@aol.com,2f2a9c15116d1f3d8e63a0c6a327c6fd99a1addae9e9c038a556556fe96f3082,+421 254 572 577
37,alan.martincekova@hotmail.com,3838ee79ebc2510346e1b21f642b374fab4833aedf67e3954b08482e01b1f82a,+421 388 346 888
38,zdenko.galova@outlook.com,072cf4082cd9b0cd86c2b5d8df88864412bd05a6c7b67b221de185f292b9602c,+421 503 850 611
39,lolita.pajerova@outlook.com,d9cda3ebbc60051c89c36015cffc89b45c4f0fbde15d00767cdd0f19af35406c,+421 966 968 361
40,luboslava.filipova@gmail.com,168cf9ce41468a0662484c357ff4ca1b30fcecb647cd7839d3c54510f07daad9,+421 865 470 421
41,petra.liskova@outlook.com,a86ba38950ad47ae92a703b371cb5b00049cf901e97a94ddf35aba6c445af86c,+421 456 909 951
42,alojzia.martinekova@azet.sk,9928bcc1d98b65d89bf653025fc985910ea93177764d5b4799a8ae2475a46284,+421 451 820 401
43,darina.borkova@hotmail.com,b082b1742f68662b707381623f97ef7b97a248e9060c942f6392c5225f2c21a6,+421 555 403 700
44,drahomira.skutecky@gmail.com,7fbbe64970edc27dafc0bd50b58093fb0754f97c991cf19ce5fd26da3b34bbe3,+421 922 797 897
45,sarlota.jakubekova@azet.sk,c8d376825ef7a8dc0d47d3590b92be314bdd63c0b4fdcf707f4e404596bf65ad,+421 555 837 378
46,ida.truben@aol.com,dba555bbaa6ac82cdf81693ab41b63061a9725a551f6659324fe89d58c7f9d6c,+421 264 845 772
47,servac.smajda@azet.sk,d9d6a3939f9588436499b76b57380654f484f322b39b43699c73a75d4e7cc625,+421 135 464 714
48,elvira.samelova@aol.com,879c19c4a0256d23f1351a5b6a0dd5b0f994007260bfe809c6f6e5cdf3baeba4,+421 398 898 938
49,ingrida.niznansky@outlook.com,5c7cf5a6381bfc3c6e7f9651322e9aeb6f5978d045d38569324b8f1eefc378be,+421 818 104 430
50,aurelia.vlnova@yahoo.com,26f23441011e27af3dc87b9609c44b64ac3a51759e5ee3864fe53557a7081705,+421 340 835 803
51,edmund.koza@yahoo.com,bd2a81fb58cd8049ac28c251b6491baf5cc206e80fe553be73dae04b00686027,+421 815 861 393
52,sandra.kollar@azet.sk,cf22f0b128a6848acd7473d20c151fd7b7a3606d09e3b00f0215546037fc56a1,+421 962 200 463
53,ludolf.kral@yahoo.com,28bc67e702c5861a7f90446e82060aae7d650a7fa2af5183bc1a29bd46c1402e,+421 910 516 975
54,gabriel.centek@yahoo.com,b6e8318e3190f050664a5c447218bef5229ef8fa0fdac0abe4a88c076b43b4f6,+421 104 850 255
55,tibor.bruska@outlook.com,68d5137f0c8a70c97fc4ddcf8db27f1ac6b29ecc03a7264fe93742bd329b0d65,+421 144 797 438
56,theodora.rusnak@hotmail.com,fcd8822f9b77b64c472eb766b44cdcde8b9a04f5ca150accdd55c036c2f29d2e,+421 789 120 283
57,martina.secova@yahoo.com,316f9633a5c63bb22da3f1bca5af7c39caf490ee1402502d1d704bd5244eeaeb,+421 221 852 584
58,miriama.kozacek@aol.com,b84f6bf8b186be3aeb8434833b7c0dbf25a2545cde1676f086c780223a9fa473,+421 401 371 469
59,fedor.janockova@azet.sk,087b3c746c046ae58c58fadbca063f80e648d96dcd23e5db8edf3b37be6a4cc8,+421 410 598 849
60,adriana.zeleznikova@yahoo.com,d7ff2d4459b3d1781e787156dfb3f85cad48cad2b5cdb993c73877dce4c09b98,+421 493 804 771
61,mojmir.moricova@hotmail.com,bedceb92f6f94ddcd635b8df77ebc7cff761e58e0890107070a962b6ef044a48,+421 498 997 989
62,boleslav.hlinkova@outlook.com,3083d789488fb706df9ebef0417decf3e24a4fcdce076b8e5e60ef03a663e531,+421 779 126 196
63,alana.zubkova@aol.com,638beb1382b035eb498513673ab6f168e7b01c96a4fee5b374b53870ad6441fa,+421 903 470 530
64,tatiana.michalechova@azet.sk,e6fe58b87c75b3fb64a40bae3629b23b5db661b22182fa76bab8a2ff89aea180,+421 150 646 527
65,bartolomej.pauk@azet.sk,182fa47952245b91d006b9220a05783fc7a50de33da1d7b5dfd7d0518ed78e1c,+421 707 648 870
66,sandra.dubovska@aol.com,4e10dfe0b06e90b5073a14f2cbae3db172aff5dc5453318bc5ff3422d57078eb,+421 289 559 336
67,demeter.vlk@yahoo.com,0cf2617def5e99ae646166a523f6490937b28a2158302a0661722711fc4c17bf,+421 130 750 257
68,timea.tapakova@yahoo.com,a31ce5ab4ff5d405ea0dfaccbe573a903818e3e16eca8f41c8b2806e7d722427,+421 803 165 458
69,miriama.pala@gmail.com,f0a522b611a58c12990243cee28b0d6e7f9ed58ea7f948218d221f90ed0a2eca,+421 998 991 857
70,miloslav.jancek@outlook.com,abbc2e16e4ebce0d857313911f200e25c0dc728b8ca46b081e6ff4174373a70e,+421 901 310 266
71,frederika.peska@aol.com,ab6f133ecb1f45a0429ca50259b115ac3d6bb17deb847b2ed2d02d0fee706355,+421 135 155 444
72,jergus.niznanska@hotmail.com,f7b1f96e961434d9f33dee3b2c2b3aed85ebca66e0b92f5d75d50fdcd912a3fd,+421 327 994 128
73,perla.lacova@yahoo.com,be5e71203ad2fcfaf01bf022b578d583e1e4be97718058d83fffe2fcc68005c7,+421 666 126 236
74,libusa.madara@hotmail.com,bbd89e86759b01bee7bf9e04fa5f17db2c55464eec06dbf92e555b6468eb25db,+421 901 858 197
75,viktor.hustakova@hotmail.com,8d179885fc1c01c9a75c5467545a4b46fc8f73b243bb62019025216a0f3e0e8b,+421 754 659 159
76,stela.marko@yahoo.com,a60db1b9453b26e0833f43d6c98f4d33d1508d8cb79529c05a42c4b4ef9911a3,+421 139 418 179
77,martin.miklos@yahoo.com,7b131400f61913f20f34cb86e56f3140ce64dc875a5cff684045ca430bf6cb71,+421 699 153 125
78,radovan.masarykova@azet.sk,1dcc3565faa5be94b4afdbb6bbc68f5c6348dd538bf0613319ab0264f2dad50a,+421 967 313 299
79,ivica.halakova@yahoo.com,0416c1512239755072d85f28ef9fc87d29028f90071ef7c8cc537e768b68bb4f,+421 999 656 180
80,kristian.kucerova@aol.com,2f2211e053d3031a843d01199a81e1851790295e71a75d8490474d91f3e02df5,+421 639 578 200
81,justina.krasnohorsky@yahoo.com,5b75c1444436a3213f0d9bc3a229ee9145279bc8f511f21e64dd0fbed10adce6,+421 535 969 303
82,dorota.kotulicova@yahoo.com,5f6c7ab385f5ee945f8f1c7fcca87d6667678701ac1d3b84fdd17334d85e33ae,+421 189 524 331
83,mojmir.masny@azet.sk,6a88e3d42ac17e826c50bc701901e3c5b72636c0432a53239c0d1b096a767b96,+421 942 663 917
84,vlasta.kuska@azet.sk,24eb4d835cc63a2715c51eef934c32e4d47d76ac1f45ad0136cefc771246b4a5,+421 230 303 788
85,sofia.timek@gmail.com,b9977135951d0c33b8e393858fd31c8739d470dd16fd0e993822d178464f49ed,+421 787 560 537
86,dagmara.martan@hotmail.com,9154f3bae30ca717d240fff36c0b352d315cbb621ff2eef847a9b288949e4c50,+421 934 539 653
87,pravoslav.brusko@aol.com,a722ae75f3125a417b14088db98f998df253a05f36cb8370c16b995240cb0f7b,+421 655 651 721
88,dominika.hubova@aol.com,8367db05a82add098a19668dfa1333ee5d13fc35245826aa5de985ad3bb21e83,+421 779 347 721
89,jan.benova@aol.com,4e01bc2d467d963c4b2862ccb0611f38c8bc9b3db30e3ef7d68a282851801059,+421 670 888 625
90,monika.pikova@azet.sk,98af59e58a0305d0c597df62e68ed2ed188649f25ae7168225c85740509d74ea,+421 824 262 100
91,jonas.krajci@hotmail.com,0fb77d75e597b2a9b1bb34b27d19ac67c74d226e603245616768e1fb6cfdc73e,+421 483 374 150
92,eva.masarykova@yahoo.com,120da82a62b5c1de453c2d59b55aba7addb2b72876b407d1daf7a1fcadc83607,+421 811 293 790
93,lolita.lipkova@aol.com,5182948d7925d55eae312729cd14fef4f87b397751bbe2bc39b87b7c055df070,+421 160 290 205
94,demeter.vaskova@outlook.com,99f271082098b3deb151100973d90a56d3e3d783a591eb5249c6e4095444019e,+421 470 998 784
95,bohdan.kramarova@aol.com,e4bdff3e98032e397606f67698ecb429b16381319c16d00a527adafb06474075,+421 281 999 720
96,kvetoslava.rusnakova@aol.com,2fd7257519693b6eef9f2a4328218675c4502636d694e0ab51fc9759e9384e61,+421 490 343 377
97,patricia.samel@aol.com,27314fd04942628b8d18438b9a07f030db6305e5ed717285704fc526bba8ce72,+421 671 468 170
98,ludomila.harvanek@azet.sk,04ee80d3e64eccbdcdccca87bbb0415bd0169562f7e0414c990f6ee42879571d,+421 327 797 676
99,rozalia.bondra@aol.com,c92eb6808486cda1992c97119cad349e3c768368859ea4031ce70590f7a12e38,+421 395 593 526
100,justina.ondrusova@yahoo.com,b8a273885c6f07913f69a811464738ecaa79ab1022a64337e3c7d647ac5222e5,+421 757 635 838
